Train Time,Inference Time,Total Time,Threads,Num Trees,Data Size,Speedup,Efficiency
168.015808,0.076587,168.092392,32,100,449985,14.508879586888145,0.45340248709025455
177.933273,0.078137,178.011414,64,100,449985,13.700426395129922,0.21406916242390503
220.869385,0.07556,220.944946,16,100,449985,11.038189916324225,0.689886869770264
354.40451,0.078805,354.483307,8,100,449985,6.87996367343752,0.85999545917969
623.423584,0.085076,623.508667,4,100,449985,3.911464914729085,0.9778662286822712
1133.947021,0.078719,1134.025757,2,100,449985,2.1505968977739895,1.0752984488869948
2438.744629,0.087574,2438.832275,1,100,449985,1.0,1.0
